z,3a_idp1_intensity,3a_idp2_intensity,3a_idp3_intensity,3a_idp4_intensity,3b_idp1_intensity,3b_idp2_intensity,3b_idp3_intensity,3b_idp4_intensity
-74.5,0.002657778,0.001485333,0,0,0,0,0.150471556,0.165012
-73.5,0.002814667,0.001577333,0,0,0,0,0.152819556,0.168447556
-72.5,0.003233333,0.001643111,0,0,0,0,0.15318,0.170737778
-71.5,0.003442222,0.001424889,0,0,0,0,0.153903111,0.169774667
-70.5,0.003573333,0.001389778,0,0,0,0,0.154528444,0.169411556
-69.5,0.003361778,0.001130222,0,0,0,0,0.153932,0.168810222
-68.5,0.003034667,0.001270667,0,0,0,0,0.154233333,0.170001333
-67.5,0.002904444,0.001444444,0,0,0,0,0.153619556,0.170187556
-66.5,0.002649333,0.001510667,0,0,0,0,0.154162222,0.169330667
-65.5,0.002841333,0.001524,0,0,0,0,0.152166222,0.171021333
-64.5,0.003138667,0.001618667,0,0,0,0,0.152137333,0.170810222
-63.5,0.003168444,0.001554667,0,0,0,0,0.152828889,0.171028
-62.5,0.003285778,0.001709778,0,0,0,0,0.153184889,0.170220889
-61.5,0.003308889,0.001697778,0,0,0,0,0.154355556,0.170593333
-60.5,0.003389778,0.001779111,0,0,0,0,0.153793778,0.169909778
-59.5,0.003590222,0.0017,0,0,0,0,0.153471111,0.170291111
-58.5,0.003888889,0.001737333,0,0,0,0,0.152412,0.170404
-57.5,0.004124,0.001683556,0,0,0,0,0.153328,0.169992444
-56.5,0.004439111,0.001451556,0,0,0,0,0.152196444,0.170078222
-55.5,0.004531111,0.001305333,0,0,0,0,0.152494667,0.170181778
-54.5,0.004294667,0.001340889,0,0,0,0,0.153540889,0.170524444
-53.5,0.004173778,0.001205333,0,0,0,0,0.152530222,0.170514222
-52.5,0.003896889,0.001144444,0,0,0,0,0.152843556,0.171432889
-51.5,0.003921778,0.001193333,0,0,0,0,0.152283556,0.171609333
-50.5,0.004152889,0.001431111,0,0,0,0,0.153560889,0.170535111
-49.5,0.004202667,0.001574667,0,0,0,0,0.153867556,0.170535111
-48.5,0.004380889,0.001684,0,0,0,0,0.154144444,0.169474222
-47.5,0.004258222,0.001553778,0,0,0,0,0.153545333,0.169735111
-46.5,0.004401778,0.001406667,0,0,0,0,0.152700444,0.169242222
-45.5,0.004543111,0.001240889,0,0,0,0,0.153436889,0.170027556
-44.5,0.004185778,0.001011111,0,0,0,0,0.153021333,0.169285778
-43.5,0.003853333,0.000927111,0,0,0,0,0.154269333,0.169964444
-42.5,0.003587111,0.000868889,0,0,0,0,0.154014222,0.169174667
-41.5,0.003491111,0.000816444,0,0,0,0,0.154336444,0.167532889
-40.5,0.003312444,0.00086,0,0,0,0,0.155382667,0.167384444
-39.5,0.003232889,0.000804889,0,0,0,0,0.155646667,0.167500444
-38.5,0.003481333,0.000763111,0,0,0,0,0.154839111,0.168510667
-37.5,0.003570222,0.000701778,0,0,0,0,0.154128,0.169241333
-36.5,0.003934222,0.000712,0,0,0,0,0.154159111,0.170335111
-35.5,0.004065778,0.000626222,0,0,0,0,0.152776889,0.170621778
-34.5,0.003969778,0.000664444,0,0,0,0,0.153081778,0.170588889
-33.5,0.003795111,0.000946222,0,0,0,0,0.153775556,0.170207111
-32.5,0.003648889,0.001047556,0,0,0,0,0.153996444,0.170559556
-31.5,0.003696,0.000991556,0,0,0,0,0.154095111,0.171572
-30.5,0.003831556,0.000968,0,0,0,0,0.152848889,0.171346667
-29.5,0.004296444,0.000998222,0,0,0,0,0.153149333,0.173484889
-28.5,0.004586222,0.000947556,0,0,0,0,0.151516889,0.174212444
-27.5,0.004839111,0.000982222,0,0,0,0,0.150092889,0.175089778
-26.5,0.004799556,0.000894667,0,0,0,0,0.151115556,0.172765778
-25.5,0.004763111,0.000870222,0,0,0,0,0.151204889,0.172601333
-24.5,0.004444889,0.000911111,0,0,0,0,0.151110667,0.173664889
-23.5,0.004410667,0.000786222,0,0,0,0,0.151781778,0.173852889
-22.5,0.004113333,0.000684444,0,0,0,0,0.153368444,0.173771111
-21.5,0.004375111,0.000743111,0,0,0,0,0.152852444,0.172901778
-20.5,0.004060444,0.000833778,0,0,0,0,0.153555556,0.172082667
-19.5,0.004361778,0.001170222,0,1.78E-06,0,0,0.154223111,0.170815556
-18.5,0.007678222,0.002277778,0,7.56E-06,0,0,0.153135556,0.172233333
-17.5,0.021310667,0.008324889,0,1.38E-05,0,0,0.154685333,0.170958222
-16.5,0.068636,0.033652444,8.00E-06,2.58E-05,0,0,0.154608889,0.171356444
-15.5,0.194912,0.117405778,6.27E-05,6.09E-05,0,0,0.153846222,0.170643556
-14.5,0.440743556,0.325785333,0.000227556,0.000312889,0,0,0.155200444,0.170939111
-13.5,0.763054222,0.68788,0.001002667,0.001104889,0,0,0.155290667,0.171005778
-12.5,1.033465778,1.108367111,0.004208,0.004150667,0,0,0.154405778,0.169069333
-11.5,1.153510222,1.411597333,0.018987556,0.018480889,0,0,0.155273333,0.168272889
-10.5,1.143532889,1.434820889,0.091899556,0.087509333,5.78E-06,1.11E-05,0.157738667,0.170077333
-9.5,0.953569778,1.110542222,0.360864444,0.339468444,0.000126222,0.000205333,0.161084889,0.170779556
-8.5,0.548610222,0.580843556,0.936980444,0.876766667,0.002473333,0.003211111,0.154736444,0.161709778
-7.5,0.191289778,0.186097333,1.538671556,1.462157778,0.032664889,0.038224444,0.126306667,0.132270222
-6.5,0.040744444,0.038176,1.846873333,1.796851111,0.232675111,0.259883111,0.077510667,0.082511556
-5.5,0.006575111,0.006099111,1.929132444,1.904180889,0.823148444,0.863884444,0.032906222,0.036048444
-4.5,0.001168,0.001275111,1.925679111,1.933829333,1.581077333,1.588989333,0.008929778,0.009712889
-3.5,0.000933333,0.001130222,1.898968,1.947268444,2.029044,1.986367556,0.001349778,0.001530222
-2.5,0.002065333,0.001714667,1.874048444,1.962817333,2.165591111,2.081803556,0.000134222,0.000108889
-1.5,0.004053333,0.003166667,1.862506222,1.975704889,2.181778667,2.072050667,8.00E-06,7.11E-06
-0.5,0.008281333,0.006432444,1.873210667,1.964655556,2.163143556,2.067152,0,0
0.5,0.024555556,0.017810222,1.864141333,1.904086667,2.143639556,2.086582222,0,0
1.5,0.09836,0.071567111,1.730279556,1.716779556,2.139021333,2.118388444,7.56E-06,0
2.5,0.340361778,0.261992889,1.33496,1.282394222,2.115547111,2.138066222,0.000152,8.93E-05
3.5,0.781407111,0.6583,0.728157778,0.687541333,1.984978667,2.047356,0.001592,0.001006222
4.5,1.171578222,1.102004,0.265322667,0.245115111,1.547736,1.643439556,0.010889778,0.007323556
5.5,1.338901333,1.379556444,0.073403556,0.067024444,0.807738667,0.898847111,0.039595111,0.028937778
6.5,1.369076889,1.482580444,0.023204,0.019395556,0.234022222,0.278710667,0.090682222,0.068515111
7.5,1.365464,1.493957333,0.011927556,0.008332,0.034876444,0.044751111,0.145070222,0.112052889
8.5,1.364188889,1.475878222,0.008559111,0.004865778,0.002764889,0.004005778,0.176192,0.138870667
9.5,1.359684889,1.458695556,0.006356444,0.003441333,0.000160889,0.000264,0.183427111,0.147930667
10.5,1.345972889,1.420187111,0.004377333,0.002552889,8.00E-06,2.62E-05,0.180041333,0.147015556
11.5,1.292303111,1.325274667,0.002692444,0.001996889,0,2.22E-06,0.178496,0.145522222
12.5,1.174892444,1.129207556,0.00174,0.001294222,0,0,0.177843111,0.145066222
13.5,0.957933778,0.833007556,0.001093333,0.000724444,0,0,0.178288889,0.145427556
14.5,0.661284444,0.512904889,0.000647556,0.000538222,0,0,0.179332,0.146166667
15.5,0.371282667,0.255817333,0.000349333,0.000468,0,0,0.179912444,0.145654667
16.5,0.168681778,0.103054667,0.000209778,0.000204889,0,0,0.178413333,0.146092
17.5,0.062791111,0.035467111,0.000135111,7.29E-05,0,0,0.177625778,0.148001333
18.5,0.021409333,0.011105333,0.000127556,1.96E-05,0,0,0.177283556,0.148244444
19.5,0.008279556,0.004209778,0.00012,5.33E-06,0,0,0.177596889,0.148287111
20.5,0.004290667,0.002512444,0.000130667,0,0,0,0.177571111,0.147284444
21.5,0.003239556,0.001877778,0.000120444,0,0,0,0.177968444,0.147332444
22.5,0.002951111,0.001700889,0.000164,0,0,0,0.177766667,0.148858222
23.5,0.002815111,0.001682222,0.000181333,0,0,0,0.179083556,0.148624444
24.5,0.002570667,0.001664444,0.000177333,0,0,0,0.176909778,0.147930222
25.5,0.002497333,0.001444889,0.000147556,0,0,0,0.177497778,0.147032444
26.5,0.002640444,0.001431111,0.000108889,0,0,0,0.178525778,0.146088444
27.5,0.002583556,0.001382222,3.16E-05,0,0,0,0.179737333,0.145133778
28.5,0.002500889,0.001211111,1.96E-05,0,0,0,0.179204,0.146104444
29.5,0.002295111,0.001034667,5.78E-06,0,0,0,0.178272889,0.146473778
30.5,0.002060889,0.001015556,0,0,0,0,0.177165333,0.147175556
31.5,0.002029333,0.001107556,0,0,0,0,0.176417333,0.146337333
32.5,0.002114222,0.001041333,0,0,0,0,0.177316,0.148396
33.5,0.002336,0.000947556,0,0,0,0,0.177295111,0.148640444
34.5,0.002398667,0.000795556,0,0,0,0,0.177686222,0.148904889
35.5,0.002640889,0.000724,0,0,0,0,0.176198667,0.148520444
36.5,0.002486667,0.000669778,0,0,0,0,0.175780889,0.149346667
37.5,0.002296889,0.000759556,0,0,0,0,0.173709333,0.149575556
38.5,0.002179111,0.00078,0,0,0,0,0.174339111,0.149438667
39.5,0.002212444,0.000762222,0,0,0,0,0.174776,0.149186667
40.5,0.002256,0.000805333,0,0,0,0,0.17446,0.149985778
41.5,0.002206667,0.000880444,0,0,0,0,0.173673333,0.151312889
42.5,0.002130222,0.000881778,0,0,0,0,0.174209333,0.150553333
43.5,0.002188889,0.001017333,0,0,0,0,0.173204,0.152359111
44.5,0.002242667,0.001048,0,0,0,0,0.171639111,0.152820444
45.5,0.002537333,0.001111111,0,0,0,0,0.17044,0.153134667
46.5,0.002725778,0.001072,0,0,0,0,0.169642667,0.155017778
47.5,0.002655556,0.000975111,0,0,0,0,0.168307111,0.156249778
48.5,0.002695556,0.000910667,0,0,0,0,0.167707111,0.158217333
49.5,0.002556,0.000794667,0,0,0,0,0.166094667,0.159288889
50.5,0.002595556,0.000725778,0,0,0,0,0.165576444,0.158519111
51.5,0.002534667,0.000647556,0,0,0,0,0.166459111,0.159075556
52.5,0.002619111,0.000628444,0,0,0,0,0.163997333,0.158966222
53.5,0.002527111,0.000624889,0,0,0,0,0.163228,0.159618667
54.5,0.0026,0.000655111,0,0,0,0,0.163268444,0.159272
55.5,0.002638667,0.000727111,0,0,0,0,0.164841778,0.159946667
56.5,0.002712889,0.000700889,0,0,0,0,0.164151111,0.159279111
57.5,0.002804,0.000668889,0,0,0,0,0.164278667,0.158894667
58.5,0.002997333,0.000677333,0,0,0,0,0.164952444,0.159014667
59.5,0.002953333,0.000716444,0,0,0,0,0.163679111,0.159868889
60.5,0.002871111,0.000688,0,0,0,0,0.16428,0.16084
61.5,0.002752444,0.000711556,0,0,0,0,0.162546667,0.160621333
62.5,0.003013778,0.000911556,0,0,0,0,0.160976444,0.160897333
63.5,0.002913778,0.001188889,0,0,0,0,0.160230222,0.163028
64.5,0.002642667,0.001220889,0,0,0,0,0.159530222,0.164010667
65.5,0.002724889,0.001140889,0,0,0,0,0.158521778,0.164407556
66.5,0.003076889,0.001236889,0,0,0,0,0.157835111,0.164791111
67.5,0.003108889,0.001277778,0,0,0,0,0.156532444,0.165895111
68.5,0.003197333,0.001263556,0,0,0,0,0.155042667,0.166744
69.5,0.003119111,0.001220889,0,0,0,0,0.155488889,0.168052
70.5,0.002863111,0.001111111,0,0,0,0,0.155075556,0.169403111
71.5,0.002705778,0.000986222,0,0,0,0,0.153794222,0.171252889
72.5,0.002643556,0.001055111,0,0,0,0,0.153324889,0.171118222
73.5,0.002717778,0.001072444,0,0,0,0,0.152351111,0.168650222
74.5,0.002699556,0.001211111,0,0,0,0,0.150052444,0.166348