z,idp1_intensity,idp2_intensity,rna_intensity
-74.5,0.003934222222222222,0.11326711111111111,0.09242222222222223
-73.5,0.00394,0.11314577777777778,0.09282
-72.5,0.004049777777777778,0.11603777777777778,0.09396844444444445
-71.5,0.004218666666666667,0.11907733333333334,0.09537155555555556
-70.5,0.004972888888888889,0.12131111111111112,0.0968991111111111
-69.5,0.005699111111111111,0.1262457777777778,0.09849111111111111
-68.5,0.006413333333333333,0.13026044444444443,0.09866711111111111
-67.5,0.006949777777777778,0.13279911111111112,0.10018755555555556
-66.5,0.0074333333333333335,0.135064,0.10120977777777779
-65.5,0.0073924444444444445,0.1329551111111111,0.10064355555555556
-64.5,0.007025333333333333,0.13093333333333335,0.10214222222222222
-63.5,0.006693777777777778,0.1310568888888889,0.10250444444444445
-62.5,0.006572444444444444,0.13121155555555555,0.10301822222222222
-61.5,0.006582666666666667,0.13054266666666667,0.10314133333333333
-60.5,0.006175555555555556,0.12802844444444444,0.10249022222222223
-59.5,0.005206666666666667,0.126056,0.10148933333333333
-58.5,0.004254666666666667,0.12482622222222221,0.09923111111111112
-57.5,0.004147111111111111,0.12499333333333333,0.09887733333333333
-56.5,0.004036444444444444,0.12360577777777777,0.09844933333333333
-55.5,0.003666222222222222,0.12282844444444443,0.09663777777777778
-54.5,0.003488888888888889,0.12441422222222223,0.09692044444444443
-53.5,0.003607111111111111,0.12521377777777778,0.09797955555555556
-52.5,0.003275111111111111,0.12747377777777777,0.09865022222222222
-51.5,0.003093777777777778,0.12827688888888888,0.09989511111111112
-50.5,0.003068888888888889,0.12774266666666667,0.10167599999999999
-49.5,0.0027897777777777777,0.12754844444444444,0.10287377777777777
-48.5,0.0022675555555555556,0.12766355555555556,0.10173422222222223
-47.5,0.0021355555555555555,0.128452,0.10063644444444445
-46.5,0.0019208888888888889,0.12933733333333333,0.09951511111111111
-45.5,0.0015826666666666667,0.1291728888888889,0.09848177777777778
-44.5,0.0013031111111111112,0.12841422222222224,0.0965288888888889
-43.5,0.0014053333333333333,0.12478222222222222,0.09564844444444445
-42.5,0.0016653333333333333,0.12287377777777778,0.09472755555555556
-41.5,0.0018413333333333333,0.12213733333333332,0.09481022222222223
-40.5,0.0020493333333333336,0.12147555555555556,0.09615911111111111
-39.5,0.0025035555555555557,0.12163111111111112,0.09744355555555556
-38.5,0.0029813333333333332,0.12256399999999999,0.09805911111111112
-37.5,0.0033564444444444444,0.12280577777777778,0.09850222222222223
-36.5,0.003865777777777778,0.12263644444444444,0.098692
-35.5,0.004318666666666667,0.12158533333333334,0.09867555555555556
-34.5,0.004766222222222222,0.12114977777777779,0.09797822222222223
-33.5,0.0050204444444444446,0.12173066666666665,0.09698533333333333
-32.5,0.005147111111111111,0.12146488888888889,0.09715377777777778
-31.5,0.005396444444444444,0.12333111111111111,0.09755822222222223
-30.5,0.0053560000000000005,0.12490311111111112,0.09767111111111111
-29.5,0.004575555555555556,0.12719155555555556,0.097148
-28.5,0.0037448888888888887,0.1289662222222222,0.09716133333333334
-27.5,0.003282666666666667,0.1288888888888889,0.09518933333333333
-26.5,0.0028057777777777777,0.128132,0.09552266666666666
-25.5,0.0027533333333333338,0.12811333333333333,0.09526133333333334
-24.5,0.0027515555555555557,0.130852,0.0960128888888889
-23.5,0.0027084444444444447,0.133912,0.09745333333333334
-22.5,0.0027955555555555555,0.1364662222222222,0.09904933333333334
-21.5,0.00302,0.13611155555555554,0.09898622222222221
-20.5,0.0033324444444444447,0.13477466666666668,0.09901644444444445
-19.5,0.0035524444444444444,0.13276577777777776,0.09960755555555556
-18.5,0.0037751111111111115,0.1317391111111111,0.09790977777777778
-17.5,0.004173777777777778,0.13072799999999998,0.09718088888888889
-16.5,0.004489777777777777,0.130476,0.09526711111111111
-15.5,0.004883555555555556,0.13304977777777777,0.09647333333333333
-14.5,0.006772888888888889,0.13995422222222223,0.09732844444444445
-13.5,0.011794666666666667,0.15122488888888888,0.10237511111111111
-12.5,0.022273777777777778,0.168376,0.11510933333333333
-11.5,0.046308888888888886,0.19533022222222224,0.13871866666666666
-10.5,0.09361733333333333,0.23003644444444446,0.1792511111111111
-9.5,0.17758000000000002,0.26917599999999997,0.23921199999999998
-8.5,0.30599066666666663,0.308236,0.3222773333333333
-7.5,0.4831582222222222,0.3380257777777778,0.4245377777777778
-6.5,0.6976297777777778,0.3509195555555556,0.537984
-5.5,0.9277897777777778,0.34764666666666666,0.64636
-4.5,1.1532462222222222,0.32752088888888886,0.7411053333333334
-3.5,1.3529688888888889,0.29252933333333336,0.8201715555555555
-2.5,1.5097946666666666,0.2606208888888889,0.8759937777777778
-1.5,1.611704,0.23394933333333331,0.9167124444444444
-0.5,1.6736355555555555,0.2162368888888889,0.938036
0.5,1.6922893333333333,0.2100897777777778,0.9446613333333334
1.5,1.671936,0.21338933333333332,0.936284
2.5,1.6072026666666668,0.22855244444444445,0.9152502222222222
3.5,1.4958128888888889,0.25364844444444445,0.87476
4.5,1.3378311111111112,0.28223155555555557,0.8172333333333334
5.5,1.1362635555555556,0.3089213333333333,0.7366106666666667
6.5,0.9156315555555555,0.32573511111111114,0.6369324444444444
7.5,0.688432,0.3238635555555555,0.5289724444444445
8.5,0.476296,0.30498355555555556,0.4204346666666667
9.5,0.3002964444444444,0.27557644444444446,0.3194048888888889
10.5,0.17196622222222221,0.2417191111111111,0.23408
11.5,0.090416,0.20622044444444443,0.17477111111111113
12.5,0.045541333333333336,0.17567955555555556,0.1361328888888889
13.5,0.023378222222222224,0.154592,0.1150671111111111
14.5,0.013242222222222221,0.14224133333333333,0.10512888888888888
15.5,0.009885333333333335,0.134188,0.10223555555555555
16.5,0.008288444444444444,0.13147733333333333,0.10202666666666667
17.5,0.0076217777777777785,0.13207288888888888,0.10306755555555557
18.5,0.006867111111111111,0.131236,0.104032
19.5,0.006226666666666667,0.12996355555555555,0.10384222222222222
20.5,0.0054422222222222216,0.13013066666666667,0.10322977777777778
21.5,0.005193777777777778,0.13055955555555557,0.10317288888888888
22.5,0.005152,0.12938844444444444,0.10290488888888889
23.5,0.0050302222222222215,0.12874888888888888,0.10257422222222222
24.5,0.005435555555555556,0.12831599999999999,0.10180177777777778
25.5,0.005754222222222222,0.12564933333333334,0.101296
26.5,0.006030666666666667,0.12136133333333333,0.10048622222222223
27.5,0.006073777777777778,0.1187431111111111,0.09827822222222223
28.5,0.005431555555555556,0.11657644444444445,0.09680711111111112
29.5,0.004489333333333333,0.11559555555555556,0.09567822222222222
30.5,0.003783111111111111,0.11599466666666668,0.09459377777777778
31.5,0.0030173333333333332,0.11592888888888889,0.09396133333333334
32.5,0.0025577777777777777,0.11670088888888888,0.09356177777777779
33.5,0.0025186666666666664,0.11837822222222223,0.092532
34.5,0.0026253333333333333,0.12107422222222224,0.09230533333333332
35.5,0.0023933333333333333,0.12308044444444445,0.09280933333333334
36.5,0.0023555555555555556,0.12269511111111112,0.09351822222222221
37.5,0.002777777777777778,0.12115244444444444,0.0941271111111111
38.5,0.0035137777777777776,0.12159911111111112,0.093948
39.5,0.003846666666666667,0.12008533333333334,0.09575955555555556
40.5,0.004003111111111111,0.11923644444444444,0.09594577777777778
41.5,0.0038733333333333337,0.11704622222222222,0.09679466666666667
42.5,0.003320888888888889,0.11650755555555556,0.09672622222222223
43.5,0.0028884444444444448,0.116724,0.09675822222222223
44.5,0.0025515555555555556,0.11550311111111111,0.09681688888888888
45.5,0.0021160000000000003,0.1149368888888889,0.09540888888888888
46.5,0.002045777777777778,0.11494933333333335,0.09462400000000001
47.5,0.0023435555555555553,0.11305422222222222,0.0934328888888889
48.5,0.0025804444444444447,0.11168088888888889,0.09202977777777778
49.5,0.002927555555555555,0.11125555555555555,0.09090177777777778
50.5,0.0030484444444444443,0.11056711111111112,0.09241422222222222
51.5,0.0033039999999999996,0.11176755555555555,0.09317377777777777
52.5,0.003682222222222222,0.11234311111111112,0.09335688888888888
53.5,0.0038835555555555555,0.11275688888888889,0.09389688888888889
54.5,0.0037519999999999997,0.11363422222222222,0.09544177777777778
55.5,0.00382,0.11331022222222223,0.09595155555555555
56.5,0.003952888888888889,0.11469466666666667,0.09406755555555554
57.5,0.0037764444444444447,0.11697822222222222,0.09317466666666667
58.5,0.003781333333333333,0.11859466666666667,0.09325866666666667
59.5,0.0039022222222222223,0.1182591111111111,0.09408044444444444
60.5,0.003996888888888889,0.117568,0.09463422222222222
61.5,0.0040724444444444445,0.11619555555555555,0.09459422222222222
62.5,0.003995111111111112,0.11751555555555555,0.09498444444444445
63.5,0.0037982222222222224,0.11820311111111112,0.09657377777777777
64.5,0.0035088888888888886,0.11832400000000001,0.09686177777777778
65.5,0.003252888888888889,0.11803200000000001,0.09659733333333334
66.5,0.0028977777777777778,0.11598888888888889,0.09718266666666667
67.5,0.0027062222222222223,0.11521244444444444,0.09696444444444445
68.5,0.002953777777777778,0.11646977777777778,0.09627422222222222
69.5,0.003122666666666667,0.11603511111111112,0.09656933333333334
70.5,0.003531111111111111,0.11569066666666666,0.0966071111111111
71.5,0.0036568888888888888,0.11475155555555555,0.09633822222222223
72.5,0.003919111111111111,0.11521866666666666,0.09521644444444445
73.5,0.003968444444444445,0.115828,0.0947311111111111
74.5,0.003959111111111111,0.1142711111111111,0.09397777777777777
